"Gene","Non-unique Gene name","Annotation","Number_pos_present_in","Number_neg_present_in","Number_pos_not_present_in","Number_neg_not_present_in","Sensitivity","Specificity","Odds_ratio","Naive_p","Bonferroni_p","Benjamini_H_p"
"group_176","","hypothetical protein","33","5","16","15","67.3469387755102","75.0","6.1875","0.002780720950287422","1.0","0.24682922999697648"
"group_763","rrrD","Lysozyme RrrD","4","8","45","12","8.16326530612245","60.0","0.13333333333333333","0.0034044082872823874","1.0","0.24682922999697648"
"group_1926","","hypothetical protein","0","4","49","16","0.0","80.0","0.0","0.005604389121585748","1.0","0.24682922999697648"
"ymdB_2","","hypothetical protein","2","6","47","14","4.081632653061225","70.0","0.09929078014184398","0.005920765926836536","1.0","0.24682922999697648"
"ylcG_1","","putative protein YlcG","26","3","23","17","53.06122448979592","85.0","6.405797101449275","0.0063103925354923525","1.0","0.24682922999697648"
